Wavelength (nm),Optical Density,Transmission (%)
1700,5.17676,6.66E-04
1699,5.17238,6.72E-04
1698,5.20427,6.25E-04
1697,5.18369,6.55E-04
1696,5.25916,5.51E-04
1695,5.20466,6.24E-04
1694,5.31417,4.85E-04
1693,5.25971,5.50E-04
1692,5.38533,4.12E-04
1691,5.38693,4.10E-04
1690,5.03053,9.32E-04
1689,5.13788,7.28E-04
1688,5.32378,4.74E-04
1687,5.01536,9.65E-04
1686,5.46261,3.45E-04
1685,5.04887,8.94E-04
1684,5.03278,9.27E-04
1683,5.0167,9.62E-04
1682,5.03637,9.20E-04
1681,5.41363,3.86E-04
1680,6.14418,7.17E-05
1679,7.37208,4.25E-06
1678,7.22137,6.01E-06
1677,5.78705,1.63E-04
1676,5.42673,3.74E-04
1675,5.06642,8.58E-04
1674,5.78012,1.66E-04
1673,5.23142,5.87E-04
1672,5.4202,3.80E-04
1671,5.14107,7.23E-04
1670,5.39786,4.00E-04
1669,5.25545,5.55E-04
1668,5.10618,7.83E-04
1667,5.10863,7.79E-04
1666,5.04605,8.99E-04
1665,5.14456,7.17E-04
1664,5.18071,6.60E-04
1663,5.36585,4.31E-04
1662,5.02522,9.44E-04
1661,5.28855,5.15E-04
1660,5.04774,8.96E-04
1659,5.36499,4.32E-04
1658,5.15937,6.93E-04
1657,5.08514,8.22E-04
1656,5.45925,3.47E-04
1655,5.02412,9.46E-04
1654,5.06188,8.67E-04
1653,5.25661,5.54E-04
1652,5.46536,3.42E-04
1651,5.23327,5.84E-04
1650,5.02123,9.52E-04
1649,5.33752,4.60E-04
1648,5.11618,7.65E-04
1647,5.029,9.35E-04
1646,5.36994,4.27E-04
1645,5.36536,4.31E-04
1644,5.27906,5.26E-04
1643,5.43488,3.67E-04
1642,5.49135,3.23E-04
1641,5.29389,5.08E-04
1640,5.04457,9.02E-04
1639,5.56625,2.71E-04
1638,6.13806,7.28E-05
1637,5.30729,4.93E-04
1636,5.0517,8.88E-04
1635,5.44372,3.60E-04
1634,5.3118,4.88E-04
1633,5.46648,3.42E-04
1632,5.09723,7.99E-04
1631,5.42877,3.73E-04
1630,5.18818,6.48E-04
1629,5.17635,6.66E-04
1628,5.48487,3.27E-04
1627,5.06251,8.66E-04
1626,5.43783,3.65E-04
1625,5.00107,9.98E-04
1624,5.39348,4.04E-04
1623,5.44704,3.57E-04
1622,5.32186,4.77E-04
1621,5.4501,3.55E-04
1620,5.33663,4.61E-04
1619,5.08942,8.14E-04
1618,5.09779,7.98E-04
1617,5.40724,3.92E-04
1616,5.11129,7.74E-04
1615,5.65376,2.22E-04
1614,5.08205,8.28E-04
1613,5.456,3.50E-04
1612,6.10209,7.91E-05
1611,5.23372,5.84E-04
1610,5.05473,8.82E-04
1609,5.22042,6.02E-04
1608,5.38612,4.11E-04
1607,5.09409,8.05E-04
1606,5.39025,4.07E-04
1605,5.27218,5.34E-04
1604,5.11088,7.75E-04
1603,5.05915,8.73E-04
1602,5.06989,8.51E-04
1601,5.4954,3.20E-04
1600,5.14953,7.09E-04
1599,5.04723,8.97E-04
1598,5.17364,6.70E-04
1597,5.13121,7.39E-04
1596,5.07476,8.42E-04
1595,5.17492,6.68E-04
1594,5.43204,3.70E-04
1593,5.16395,6.86E-04
1592,5.36256,4.34E-04
1591,5.13971,7.25E-04
1590,5.43755,3.65E-04
1589,5.20254,6.27E-04
1588,5.196,6.37E-04
1587,5.4379,3.65E-04
1586,5.10335,7.88E-04
1585,5.51882,3.03E-04
1584,5.02392,9.46E-04
1583,5.24768,5.65E-04
1582,5.47906,3.32E-04
1581,5.2711,5.36E-04
1580,5.06562,8.60E-04
1579.5,5.00226,9.95E-04
1579,5.06594,8.59E-04
1578.5,5.06103,8.69E-04
1578,5.05406,8.83E-04
1577.5,5.05113,8.89E-04
1577,5.04432,9.03E-04
1576.5,5.0437,9.04E-04
1576,5.03788,9.16E-04
1575.5,5.03963,9.13E-04
1575,5.03547,9.22E-04
1574.5,5.03937,9.13E-04
1574,5.03736,9.18E-04
1573.5,5.04294,9.06E-04
1573,5.04331,9.05E-04
1572.5,5.04988,8.92E-04
1572,5.05258,8.86E-04
1571.5,5.05932,8.72E-04
1571,5.064,8.63E-04
1570.5,5.00009,1.00E-03
1570,5.01613,9.64E-04
1569.5,5.33102,4.67E-04
1569,5.20187,6.28E-04
1568.5,5.07271,8.46E-04
1568,5.07702,8.37E-04
1567.5,5.08132,8.29E-04
1567,4.87368,0.00134
1566.5,4.85092,0.00141
1566,4.73467,0.00184
1565.5,4.71503,0.00193
1565,4.6215,0.00239
1564.5,4.57146,0.00268
1564,4.47347,0.00336
1563.5,4.45948,0.00347
1563,4.3455,0.00451
1562.5,4.24624,0.00567
1562,4.2022,0.00628
1561.5,4.18339,0.00656
1561,3.82918,0.01482
1560.5,3.68829,0.0205
1560,3.45639,0.03496
1559.5,3.19775,0.06342
1559,3.63237,0.02331
1558.5,3.26217,0.05468
1558,3.43811,0.03647
1557.5,3.20445,0.06245
1557,3.24984,0.05625
1556.5,3.2318,0.05864
1556,2.97355,0.10628
1555.5,2.81502,0.1531
1555,2.55514,0.27852
1554.5,2.17616,0.66657
1554,1.70533,1.97094
1553.5,1.17513,6.68141
1553,0.57913,26.35561
1552.5,0.1006,79.32389
1552,0.03864,91.48734
1551.5,0.04214,90.75198
1551,0.02131,95.21198
1550.5,0.01067,97.5731
1550,0.02863,93.62116
1549.5,0.02686,94.00176
1549,0.04315,90.54198
1548.5,0.04189,90.80526
1548,0.03283,92.71906
1547.5,0.02695,93.98358
1547,0.02201,95.05873
1546.5,0.01535,96.52638
1546,0.02854,93.63883
1545.5,0.02451,94.51266
1545,0.02693,93.98661
1544.5,0.03278,92.72952
1544,0.0292,93.49642
1543.5,0.04266,90.64378
1543,0.04459,90.24164
1542.5,0.05267,88.57823
1542,0.05628,87.8462
1541.5,0.10049,79.34252
1541,0.20872,61.84207
1540.5,0.43875,36.41254
1540,0.7395,18.21801
1539.5,1.1007,7.93051
1539,1.47258,3.36839
1538.5,1.85585,1.39364
1538,2.22103,0.60113
1537.5,2.57324,0.26715
1537,2.80417,0.15698
1536.5,2.98101,0.10447
1536,3.21199,0.06138
1535.5,3.44337,0.03603
1535,3.51316,0.03068
1534.5,3.6013,0.02504
1534,3.76882,0.01703
1533.5,3.85997,0.0138
1533,4.16487,0.00684
1532.5,4.41292,0.00386
1532,4.65124,0.00223
1531.5,4.73776,0.00183
1531,4.85762,0.00139
1530.5,5.15097,7.06E-04
1530,5.01252,9.72E-04
1529.5,5.20606,6.22E-04
1529,5.27943,5.25E-04
1528.5,5.11934,7.60E-04
1528,5.09131,8.10E-04
1527.5,5.14415,7.18E-04
1527,5.19698,6.35E-04
1526.5,5.1248,7.50E-04
1526,5.05262,8.86E-04
1525.5,5.16589,6.83E-04
1525,5.42383,3.77E-04
1524.5,5.216,6.08E-04
1524,5.00818,9.81E-04
1523.5,5.16004,6.92E-04
1523,5.18383,6.55E-04
1522.5,5.1717,6.73E-04
1522,5.33427,4.63E-04
1521.5,5.49684,3.19E-04
1521,5.09843,7.97E-04
1520.5,5.32812,4.70E-04
1520,5.34908,4.48E-04
1519,6.92454,1.19E-05
1518,7.46391,3.44E-06
1517,6.73524,1.84E-05
1516,6.00657,9.85E-05
1515,5.41099,3.88E-04
1514,5.28343,5.21E-04
1513,5.27831,5.27E-04
1512,5.22084,6.01E-04
1511,5.13367,7.35E-04
1510,5.03739,9.18E-04
1509,5.14817,7.11E-04
1508,5.18172,6.58E-04
1507,5.2737,5.32E-04
1506,5.32942,4.68E-04
1505,5.3534,4.43E-04
1504,5.09079,8.11E-04
1503,5.18749,6.49E-04
1502,5.28419,5.20E-04
1501,5.32237,4.76E-04
1500,5.33902,4.58E-04
1499,5.29615,5.06E-04
1498,5.49939,3.17E-04
1497,5.28557,5.18E-04
1496,5.34817,4.49E-04
1495,5.27875,5.26E-04
1494,5.09926,7.96E-04
1493,5.08933,8.14E-04
1492,5.02632,9.41E-04
1491,5.21666,6.07E-04
1490,5.07387,8.44E-04
1489,5.27689,5.29E-04
1488,5.30838,4.92E-04
1487,5.40703,3.92E-04
1486,5.03626,9.20E-04
1485,5.15614,6.98E-04
1484,5.39008,4.07E-04
1483,5.32833,4.70E-04
1482,6.26659,5.41E-05
1481,6.62591,2.37E-05
1480,5.49304,3.21E-04
1479,5.22611,5.94E-04
1478,5.28716,5.16E-04
1477,5.26229,5.47E-04
1476,5.26493,5.43E-04
1475,5.13113,7.39E-04
1474,5.02718,9.39E-04
1473,5.22039,6.02E-04
1472,5.15292,7.03E-04
1471,5.49808,3.18E-04
1470,5.04434,9.03E-04
1469,5.48276,3.29E-04
1468,5.20248,6.27E-04
1467,5.4043,3.94E-04
1466,5.1164,7.65E-04
1465,5.05799,8.75E-04
1464,5.10097,7.93E-04
1463,5.40329,3.95E-04
1462,5.20561,6.23E-04
1461,5.05921,8.73E-04
1460,5.02626,9.41E-04
1459,5.11116,7.74E-04
1458,7.05558,8.80E-06
1457,7.22422,5.97E-06
1456,5.44845,3.56E-04
1455,5.15371,7.02E-04
1454,5.02441,9.45E-04
1453,5.27008,5.37E-04
1452,5.49782,3.18E-04
1451,5.46622,3.42E-04
1450,5.1891,6.47E-04
1449,5.10307,7.89E-04
1448,5.01703,9.62E-04
1447,5.22658,5.93E-04
1446,5.01604,9.64E-04
1445,5.2435,5.71E-04
1444,5.27877,5.26E-04
1443,5.04654,8.98E-04
1442,5.04632,8.99E-04
1441,5.0461,8.99E-04
1440,5.27142,5.35E-04
1439,5.35148,4.45E-04
1438,5.09311,8.07E-04
1437,5.09619,8.01E-04
1436,5.09926,7.96E-04
1435,5.13758,7.28E-04
1434,5.22764,5.92E-04
1433,5.43447,3.68E-04
1432,5.1413,7.22E-04
1431,5.32479,4.73E-04
1430,5.11433,7.69E-04
1429,5.42496,3.76E-04
1428,5.44837,3.56E-04
1427,5.44368,3.60E-04
1426,5.43898,3.64E-04
1425,5.43774,3.65E-04
1424,5.43649,3.66E-04
1423,7.21824,6.05E-06
1422,6.27365,5.33E-05
1421,5.32905,4.69E-04
1420,5.01438,9.67E-04
1419,5.24089,5.74E-04
1418,5.46739,3.41E-04
1417,5.32278,4.76E-04
1416,5.12619,7.48E-04
1415,5.03512,9.22E-04
1414,5.1179,7.62E-04
1413,5.69889,2.00E-04
1412,5.43001,3.72E-04
1411,5.27395,5.32E-04
1410,5.4188,3.81E-04
1409,5.22704,5.93E-04
1408,5.03528,9.22E-04
1407,5.12526,7.49E-04
1406,5.21524,6.09E-04
1405,5.13198,7.38E-04
1404,5.04872,8.94E-04
1403,5.08259,8.27E-04
1402,5.28375,5.20E-04
1401,5.11042,7.75E-04
1400,5.4371,3.66E-04
1399,5.39439,4.03E-04
1398,5.35169,4.45E-04
1397,5.46406,3.44E-04
1396,5.42342,3.77E-04
1395,5.1723,6.73E-04
1394,5.24514,5.69E-04
1393,5.34098,4.56E-04
1392,5.21238,6.13E-04
1391,5.40805,3.91E-04
1390,5.01081,9.75E-04
1389,5.38459,4.12E-04
1388,5.12698,7.46E-04
1387,5.39827,4.00E-04
1386,5.16955,6.77E-04
1385,5.30094,5.00E-04
1384,5.11431,7.69E-04
1383,5.1071,7.81E-04
1382,5.19233,6.42E-04
1381,5.27757,5.28E-04
1380,5.3388,4.58E-04
1379,5.21621,6.08E-04
1378,5.43605,3.66E-04
1377,5.33807,4.59E-04
1376,5.78162,1.65E-04
1375,5.35104,4.46E-04
1374,5.42046,3.80E-04
1373,5.45947,3.47E-04
1372,5.10848,7.79E-04
1371,5.36577,4.31E-04
1370,5.13833,7.27E-04
1369,5.41089,3.88E-04
1368,5.24043,5.75E-04
1367,5.31424,4.85E-04
1366,5.38805,4.09E-04
1365,5.46659,3.42E-04
1364,5.52355,3.00E-04
1363,6.45365,3.52E-05
1362,7.38376,4.13E-06
1361,5.26752,5.40E-04
1360,5.26132,5.48E-04
1359,5.45633,3.50E-04
1358,6.56343,2.73E-05
1357,5.4775,3.33E-04
1356,5.06546,8.60E-04
1355,5.15341,7.02E-04
1354,5.48682,3.26E-04
1353,7.24341,5.71E-06
1352,7.24038,5.75E-06
1351,7.23735,5.79E-06
1350,5.47471,3.35E-04
1349,5.08766,8.17E-04
1348,5.3682,4.28E-04
1347,5.03821,9.16E-04
1346,5.11118,7.74E-04
1345,5.30501,4.95E-04
1344,5.3133,4.86E-04
1343,5.29771,5.04E-04
1342,5.12636,7.48E-04
1341,7.31318,4.86E-06
1340,7.23457,5.83E-06
1339,5.46914,3.40E-04
1338,5.9555,1.11E-04
1337,5.24822,5.65E-04
1336,5.4108,3.88E-04
1335,5.12462,7.51E-04
1334,7.31231,4.87E-06
1333,7.29126,5.11E-06
1332,7.27022,5.37E-06
1331,5.04044,9.11E-04
1330,5.3542,4.42E-04
1329,5.19833,6.33E-04
1328,5.49759,3.18E-04
1327,7.24879,5.64E-06
1326,7.44515,3.59E-06
1325,6.36407,4.32E-05
1324,5.28299,5.21E-04
1323,5.38357,4.13E-04
1322,5.11819,7.62E-04
1321,5.34487,4.52E-04
1320,5.32144,4.77E-04
1319,5.70224,1.99E-04
1318,5.20411,6.25E-04
1317,5.37422,4.22E-04
1316,5.04553,9.00E-04
1315,5.09488,8.04E-04
1314,5.14423,7.17E-04
1313,5.49802,3.18E-04
1312,5.35181,4.45E-04
1311,5.30453,4.96E-04
1310,5.25726,5.53E-04
1309,5.34105,4.56E-04
1308,5.42485,3.76E-04
1307,5.07464,8.42E-04
1306,5.14025,7.24E-04
1305,5.46556,3.42E-04
1304,5.29088,5.12E-04
1303,5.07711,8.37E-04
1302,5.22004,6.02E-04
1301,5.06514,8.61E-04
1300,5.41023,3.89E-04
1299,5.22051,6.02E-04
1298,5.33557,4.62E-04
1297,5.68232,2.08E-04
1296,5.18767,6.49E-04
1295,5.35201,4.45E-04
1294,5.01635,9.63E-04
1293,5.45572,3.50E-04
1292,5.39508,4.03E-04
1291,5.41795,3.82E-04
1290,5.34061,4.56E-04
1289,5.37192,4.25E-04
1288,5.40322,3.95E-04
1287,5.3494,4.47E-04
1286,5.29559,5.06E-04
1285,5.3519,4.45E-04
1284,5.40822,3.91E-04
1283,5.3313,4.66E-04
1282,5.25438,5.57E-04
1281,5.48765,3.25E-04
1280,5.32073,4.78E-04
1279,6.07621,8.39E-05
1278,5.1657,6.83E-04
1277,5.4,3.98E-04
1276,5.13431,7.34E-04
1275,5.41582,3.84E-04
1274,5.19733,6.35E-04
1273,5.34966,4.47E-04
1272,5.00198,9.95E-04
1271,5.47502,3.35E-04
1270,5.44805,3.56E-04
1269,5.47888,3.32E-04
1268,5.0097,9.78E-04
1267,5.47173,3.37E-04
1266,5.43377,3.68E-04
1265,5.40983,3.89E-04
1264,5.38589,4.11E-04
1263,5.08339,8.25E-04
1262,5.25809,5.52E-04
1261,5.4935,3.21E-04
1260,5.22891,5.90E-04
1259,5.43478,3.67E-04
1258,5.14064,7.23E-04
1257,5.47831,3.32E-04
1256,5.31598,4.83E-04
1255,5.08874,8.15E-04
1254,5.3615,4.35E-04
1253,5.3455,4.51E-04
1252,5.3295,4.68E-04
1251,5.31355,4.86E-04
1250,5.2976,5.04E-04
1249,5.32346,4.75E-04
1248,5.34933,4.47E-04
1247,5.2874,5.16E-04
1246,5.22548,5.95E-04
1245,5.26185,5.47E-04
1244,5.29822,5.03E-04
1243,5.30016,5.01E-04
1242,5.3021,4.99E-04
1241,5.44255,3.61E-04
1240,5.083,8.26E-04
1239,6.04385,9.04E-05
1238,5.23703,5.79E-04
1237,5.34119,4.56E-04
1236,5.44534,3.59E-04
1235,5.34564,4.51E-04
1234,5.24594,5.68E-04
1233,5.26063,5.49E-04
1232,5.27531,5.31E-04
1231,5.27141,5.35E-04
1230,5.2675,5.40E-04
1229,5.2382,5.78E-04
1228,5.2089,6.18E-04
1227,5.22058,6.02E-04
1226,5.23226,5.86E-04
1225,5.3521,4.45E-04
1224,5.47195,3.37E-04
1223,5.41087,3.88E-04
1222,5.3498,4.47E-04
1221,5.43249,3.69E-04
1220,5.01517,9.66E-04
1219,5.35836,4.38E-04
1218,5.20154,6.29E-04
1217,5.25465,5.56E-04
1216,5.30775,4.92E-04
1215,5.38603,4.11E-04
1214,5.46431,3.43E-04
1213,5.36341,4.33E-04
1212,5.26251,5.46E-04
1211,5.37249,4.24E-04
1210,5.48246,3.29E-04
1209,5.39548,4.02E-04
1208,5.3085,4.91E-04
1207,5.4767,3.34E-04
1206,5.14491,7.16E-04
1205,5.49311,3.21E-04
1204,5.34131,4.56E-04
1203,5.36314,4.33E-04
1202,5.38497,4.12E-04
1201,5.4184,3.82E-04
1200,5.45183,3.53E-04
1199,5.06094,8.69E-04
1198,5.17006,6.76E-04
1197,5.23668,5.80E-04
1196,5.3033,4.97E-04
1195,5.07045,8.50E-04
1194,5.3376,4.60E-04
1193,5.32739,4.71E-04
1192,5.31718,4.82E-04
1191,5.19698,6.35E-04
1190,5.07678,8.38E-04
1189,5.48574,3.27E-04
1188,5.04853,8.94E-04
1187,5.22408,5.97E-04
1186,5.39964,3.98E-04
1185,5.48385,3.28E-04
1184,5.29104,5.12E-04
1183,5.47648,3.34E-04
1182,5.16191,6.89E-04
1181,5.04472,9.02E-04
1180,5.42754,3.74E-04
1179,5.48564,3.27E-04
1178,5.04375,9.04E-04
1177,5.01556,9.65E-04
1176,5.48738,3.26E-04
1175,5.4822,3.29E-04
1174,5.23279,5.85E-04
1173,5.1755,6.68E-04
1172,5.28729,5.16E-04
1171,5.48069,3.31E-04
1170,5.17409,6.70E-04
1169,5.25174,5.60E-04
1168,5.32939,4.68E-04
1167,5.15545,6.99E-04
1166,5.14848,7.10E-04
1165,5.45679,3.49E-04
1164,5.17043,6.75E-04
1163,5.16779,6.80E-04
1162,5.36031,4.36E-04
1161,5.28074,5.24E-04
1160,5.45834,3.48E-04
1159,5.2671,5.41E-04
1158,5.06829,8.54E-04
1157,5.05548,8.80E-04
1156,5.76458,1.72E-04
1155,5.19559,6.37E-04
1154,5.12661,7.47E-04
1153,5.09959,7.95E-04
1152,5.26703,5.41E-04
1151,5.13673,7.30E-04
1150,5.00642,9.85E-04
1149,5.08503,8.22E-04
1148,5.31039,4.89E-04
1147,5.35267,4.44E-04
1146,5.04415,9.03E-04
1145,5.49319,3.21E-04
1144,5.231,5.87E-04
1143,5.01677,9.62E-04
1142,5.38955,4.08E-04
1141,5.02741,9.39E-04
1140,5.3853,4.12E-04
1139,5.18948,6.46E-04
1138,5.08996,8.13E-04
1137,5.39622,4.02E-04
1136,5.01429,9.68E-04
1135,5.14858,7.10E-04
1134,5.40688,3.92E-04
1133,5.17576,6.67E-04
1132,5.15939,6.93E-04
1131,5.42802,3.73E-04
1130,5.48697,3.26E-04
1129,5.33122,4.66E-04
1128,5.25962,5.50E-04
1127,5.18802,6.49E-04
1126,5.20057,6.30E-04
1125,5.04858,8.94E-04
1124,5.42485,3.76E-04
1123,5.11553,7.66E-04
1122,6.70565,1.97E-05
1121,5.00016,1.00E-03
1120,6.21893,6.04E-05
1119,5.37421,4.22E-04
1118,5.27557,5.30E-04
1117,5.04196,9.08E-04
1116,5.46917,3.39E-04
1115,5.39638,4.01E-04
1114,5.21576,6.08E-04
1113,5.10755,7.81E-04
1112,5.07922,8.33E-04
1111,5.05089,8.89E-04
1110,5.48556,3.27E-04
1109,5.42023,3.80E-04
1108,5.45384,3.52E-04
1107,5.48745,3.25E-04
1106,5.42324,3.77E-04
1105,5.35904,4.37E-04
1104,5.47474,3.35E-04
1103,5.09045,8.12E-04
1102,5.38413,4.13E-04
1101,5.17781,6.64E-04
1100,5.16265,6.88E-04
1099,5.23481,5.82E-04
1098,5.45982,3.47E-04
1097,5.18483,6.53E-04
1096,5.47997,3.31E-04
1095,5.27511,5.31E-04
1094,5.22863,5.91E-04
1093,5.18215,6.57E-04
1092,5.37951,4.17E-04
1091,5.07687,8.38E-04
1090,5.34863,4.48E-04
1089,5.12038,7.58E-04
1088,5.09651,8.01E-04
1087,5.07265,8.46E-04
1086,5.12922,7.43E-04
1085,5.1858,6.52E-04
1084,5.20363,6.26E-04
1083,5.22147,6.01E-04
1082,5.23001,5.89E-04
1081,5.23856,5.77E-04
1080,5.31454,4.85E-04
1079,5.39052,4.07E-04
1078,5.25562,5.55E-04
1077,5.12073,7.57E-04
1076,5.05688,8.77E-04
1075,5.49303,3.21E-04
1074,5.03243,9.28E-04
1073,5.07182,8.48E-04
1072,5.10393,7.87E-04
1071,5.13603,7.31E-04
1070,5.13249,7.37E-04
1069,5.12895,7.43E-04
1068,5.08444,8.23E-04
1067,5.03992,9.12E-04
1066,5.03234,9.28E-04
1065,5.02476,9.45E-04
1064,5.00273,9.94E-04
1063,5.48071,3.31E-04
1062,5.47396,3.36E-04
1061,5.46722,3.41E-04
1060,5.00252,9.94E-04
1059,5.03783,9.17E-04
1058,5.04971,8.92E-04
1057,5.06158,8.68E-04
1056,5.10831,7.79E-04
1055,5.15503,7.00E-04
1054,5.10369,7.88E-04
1053,5.05234,8.86E-04
1052,5.00687,9.84E-04
1051,5.46141,3.46E-04
1050,5.39084,4.07E-04
1049,5.32027,4.78E-04
1048,5.41022,3.89E-04
1047,5.00017,1.00E-03
1046,5.45787,3.48E-04
1045,5.41557,3.84E-04
1044,5.40136,3.97E-04
1043,5.38715,4.10E-04
1042,5.42035,3.80E-04
1041,5.45355,3.52E-04
1040,5.40228,3.96E-04
1039,5.35101,4.46E-04
1038,5.3997,3.98E-04
1037,5.44839,3.56E-04
1036,5.39908,3.99E-04
1035,5.34977,4.47E-04
1034,5.37943,4.17E-04
1033,5.40908,3.90E-04
1032,5.42594,3.75E-04
1031,5.44279,3.61E-04
1030,5.44526,3.59E-04
1029,5.44773,3.57E-04
1028,5.3629,4.34E-04
1027,5.27808,5.27E-04
1026,5.35123,4.45E-04
1025,5.42439,3.76E-04
1024,5.36544,4.31E-04
1023,5.30649,4.94E-04
1022,5.27862,5.26E-04
1021,5.25074,5.61E-04
1020,5.2877,5.16E-04
1019,5.32467,4.74E-04
1018,5.2668,5.41E-04
1017,5.20892,6.18E-04
1016,5.21731,6.06E-04
1015,5.2257,5.95E-04
1014,5.22757,5.92E-04
1013,5.22944,5.90E-04
1012,5.19951,6.32E-04
1011,5.16957,6.77E-04
1010,5.19962,6.32E-04
1009,5.22968,5.89E-04
1008,5.2234,5.98E-04
1007,5.21712,6.07E-04
1006,5.21639,6.08E-04
1005,5.21565,6.09E-04
1004,5.19509,6.38E-04
1003,5.17453,6.69E-04
1002,5.18694,6.50E-04
1001,5.19935,6.32E-04
1000,5.22566,5.95E-04
999,5.25197,5.60E-04
998,5.23824,5.78E-04
997,5.22452,5.96E-04
996,5.19296,6.41E-04
995,5.16139,6.90E-04
994,5.15021,7.08E-04
993,5.13902,7.26E-04
992,5.10681,7.82E-04
991,5.0746,8.42E-04
990,5.09124,8.11E-04
989,5.10788,7.80E-04
988,5.14657,7.14E-04
987,5.18526,6.53E-04
986,5.21102,6.15E-04
985,5.23678,5.80E-04
984,5.12702,7.46E-04
983,5.21072,6.16E-04
982,5.24711,5.66E-04
981,5.29028,5.13E-04
980,5.33345,4.64E-04
979,5.31436,4.85E-04
978,5.0508,8.90E-04
977,5.28723,5.16E-04
976,5.30455,4.96E-04
975,5.3962,4.02E-04
974,5.47051,3.38E-04
973,5.04483,9.02E-04
972,5.37132,4.25E-04
971,5.19782,6.34E-04
970,5.33378,4.64E-04
969,5.15677,6.97E-04
968,5.39349,4.04E-04
967,5.13022,7.41E-04
966,6.81511,1.53E-05
965,7.04524,9.01E-06
964,5.09048,8.12E-04
963,5.43185,3.70E-04
962,5.2746,5.31E-04
961,5.11735,7.63E-04
960,5.07658,8.38E-04
959,5.03582,9.21E-04
958,5.26898,5.38E-04
957,5.03684,9.19E-04
956,5.4081,3.91E-04
955,5.27937,5.26E-04
954,5.11053,7.75E-04
953,5.02074,9.53E-04
952,5.00324,9.93E-04
951,5.00018,1.00E-03
950,5.00024,9.99E-04
949,5.0003,9.99E-04
948,5.00075,9.98E-04
947,5.002,9.95E-04
946,5.01934,9.56E-04
945,5.04957,8.92E-04
944,5.08253,8.27E-04
943,5.11549,7.67E-04
942,5.473,3.37E-04
941,5.83052,1.48E-04
940,6.67665,2.11E-05
939,6.92959,1.18E-05
938,5.35918,4.37E-04
937,5.2203,6.02E-04
936,5.34549,4.51E-04
935,5.24011,5.75E-04
934,5.13473,7.33E-04
933,5.29878,5.03E-04
932,5.31726,4.82E-04
931,5.35467,4.42E-04
930,5.04008,9.12E-04
929,5.36709,4.29E-04
928,5.08814,8.16E-04
927,5.21843,6.05E-04
926,5.34872,4.48E-04
925,5.38826,4.09E-04
924,5.15561,6.99E-04
923,5.16369,6.86E-04
922,5.43799,3.65E-04
921,5.1801,6.61E-04
920,5.03493,9.23E-04
919,5.24064,5.75E-04
918,5.44635,3.58E-04
917,5.00294,9.93E-04
916,5.06218,8.67E-04
915,5.31437,4.85E-04
914,5.06655,8.58E-04
913,5.33662,4.61E-04
912,5.0803,8.31E-04
911,5.07715,8.37E-04
910,5.074,8.43E-04
909,5.32402,4.74E-04
908,5.19805,6.34E-04
907,5.21673,6.07E-04
906,5.2354,5.82E-04
905,6.8677,1.36E-05
904,6.65407,2.22E-05
903,5.71114,1.94E-04
902,5.36436,4.32E-04
901,5.01757,9.60E-04
900,5.26694,5.41E-04
899,5.30563,4.95E-04
898,5.13561,7.32E-04
897,5.05205,8.87E-04
896,5.13497,7.33E-04
895,5.02026,9.54E-04
894,5.0635,8.64E-04
893,5.10674,7.82E-04
892,5.27958,5.25E-04
891,5.71164,1.94E-04
890,6.63379,2.32E-05
889,6.7608,1.73E-05
888,5.02159,9.51E-04
887,5.03474,9.23E-04
886,5.04789,8.96E-04
885,5.09949,7.95E-04
884,5.22798,5.92E-04
883,5.11284,7.71E-04
882,5.0197,9.56E-04
881,5.00425,9.90E-04
880,5.00017,1.00E-03
879,5.00176,9.96E-04
878,5.00336,9.92E-04
877,5.02468,9.45E-04
876,5.17029,6.76E-04
875,5.11705,7.64E-04
874,5.0638,8.63E-04
873,5.01095,9.75E-04
872,5.02313,9.48E-04
871,5.03531,9.22E-04
870,5.07076,8.50E-04
869,5.00954,9.78E-04
868,5.00154,9.96E-04
867,5.00028,9.99E-04
866,5.00021,1.00E-03
865,5.00015,1.00E-03
864,5.00033,9.99E-04
863,5.00771,9.82E-04
862,5.06874,8.54E-04
861,5.03647,9.19E-04
860,5.20303,6.27E-04
859,5.53176,2.94E-04
858,7.20735,6.20E-06
857,7.41125,3.88E-06
856,7.4057,3.93E-06
855,7.29962,5.02E-06
854,6.78303,1.65E-05
853,7.14321,7.19E-06
852,7.08029,8.31E-06
851,6.61525,2.43E-05
850,6.6155,2.42E-05
849,6.75815,1.75E-05
848,6.36679,4.30E-05
847,5.97542,1.06E-04
846,5.76119,1.73E-04
845,5.81725,1.52E-04
844,6.07409,8.43E-05
843,5.93085,1.17E-04
842,6.1816,6.58E-05
841,6.47087,3.38E-05
840,6.76013,1.74E-05
839,7.36437,4.32E-06
838,7.47725,3.33E-06
837,7.47103,3.38E-06
836,7.4648,3.43E-06
835,6.26767,5.40E-05
834,6.31784,4.81E-05
833,6.51131,3.08E-05
832,6.71628,1.92E-05
831,7.11361,7.70E-06
830,7.26769,5.40E-06
829,7.42178,3.79E-06
828,7.27841,5.27E-06
827,6.54014,2.88E-05
826,6.93835,1.15E-05
825,6.33586,4.61E-05
824,6.53976,2.89E-05
823,6.40459,3.94E-05
822,7.32823,4.70E-06
821,7.3778,4.19E-06
820,7.42737,3.74E-06
819,6.60288,2.50E-05
818,6.96067,1.09E-05
817,7.31846,4.80E-06
816,6.9038,1.25E-05
815,6.9383,1.15E-05
814,6.14232,7.21E-05
813,6.23179,5.86E-05
812,6.26083,5.48E-05
811,6.67542,2.11E-05
810,6.5263,2.98E-05
809,6.2035,6.26E-05
808,6.3008,5.00E-05
807,6.36346,4.33E-05
806,6.69015,2.04E-05
805,7.01683,9.62E-06
804,7.4138,3.86E-06
803,7.44991,3.55E-06
802,7.11312,7.71E-06
801,7.171,6.75E-06
800,6.20952,6.17E-05
799,6.36288,4.34E-05
798,6.61745,2.41E-05
797,6.8696,1.35E-05
796,7.31729,4.82E-06
795,7.06423,8.63E-06
794,6.81117,1.54E-05
793,7.23647,5.80E-06
792,7.41279,3.87E-06
791,6.34283,4.54E-05
790,6.44664,3.58E-05
789,6.47081,3.38E-05
788,6.34225,4.55E-05
787,6.59942,2.52E-05
786,6.25059,5.62E-05
785,6.01842,9.58E-05
784,5.80149,1.58E-04
783,5.74906,1.78E-04
782,5.86144,1.38E-04
781,5.89662,1.27E-04
780,6.04967,8.92E-05
779,6.35063,4.46E-05
778,6.48153,3.30E-05
777,6.51578,3.05E-05
776,6.55003,2.82E-05
775,7.23438,5.83E-06
774,6.97094,1.07E-05
773,7.01211,9.72E-06
772,6.78195,1.65E-05
771,7.05818,8.75E-06
770,6.4322,3.70E-05
769,6.85272,1.40E-05
768,7.27324,5.33E-06
767,7.01169,9.73E-06
766,6.89633,1.27E-05
765,6.78098,1.66E-05
764,7.23304,5.85E-06
763,7.04883,8.94E-06
762,6.86461,1.37E-05
761,6.47889,3.32E-05
760,6.83401,1.47E-05
759,6.57862,2.64E-05
758,6.64851,2.25E-05
757,6.3474,4.49E-05
756,6.14623,7.14E-05
755,6.61131,2.45E-05
754,6.39687,4.01E-05
753,6.31942,4.79E-05
752,6.26116,5.48E-05
751,6.29309,5.09E-05
750,6.46502,3.43E-05
749,6.64697,2.25E-05
748,6.75339,1.76E-05
747,7.05417,8.83E-06
746,7.10891,7.78E-06
745,7.16365,6.86E-06
744,6.86233,1.37E-05
743,7.24693,5.66E-06
742,7.23552,5.81E-06
741,6.83191,1.47E-05
740,6.77742,1.67E-05
739,6.20127,6.29E-05
738,6.33539,4.62E-05
737,6.5024,3.14E-05
736,6.80287,1.57E-05
735,7.30768,4.92E-06
734,7.40473,3.94E-06
733,7.04466,9.02E-06
732,6.68458,2.07E-05
731,6.66425,2.17E-05
730,6.62615,2.37E-05
729,6.54416,2.86E-05
728,6.48765,3.25E-05
727,6.29845,5.03E-05
726,6.37225,4.24E-05
725,6.8015,1.58E-05
724,7.40341,3.95E-06
723,7.48242,3.29E-06
722,7.45388,3.52E-06
721,7.42533,3.76E-06
720,6.85897,1.38E-05
719,6.78135,1.65E-05
718,6.70372,1.98E-05
717,6.42466,3.76E-05
716,6.32294,4.75E-05
715,6.42465,3.76E-05
714,6.58946,2.57E-05
713,6.60604,2.48E-05
712,6.58895,2.58E-05
711,7.15896,6.93E-06
710,7.30505,4.95E-06
709,6.49877,3.17E-05
708,6.60572,2.48E-05
707,7.10035,7.94E-06
706,7.37565,4.21E-06
705,7.46972,3.39E-06
704,7.40138,3.97E-06
703,6.79895,1.59E-05
702,6.72419,1.89E-05
701,6.96133,1.09E-05
700,7.30362,4.97E-06
699,6.68052,2.09E-05
698,6.70126,1.99E-05
697,6.58715,2.59E-05
696,6.06784,8.55E-05
695,5.76165,1.73E-04
694,5.70753,1.96E-04
693,5.81722,1.52E-04
692,6.07782,8.36E-05
691,6.48358,3.28E-05
690,6.62175,2.39E-05
689,6.47023,3.39E-05
688,6.39954,3.99E-05
687,6.2857,5.18E-05
686,6.13802,7.28E-05
685,6.06685,8.57E-05
684,6.03767,9.17E-05
683,6.19506,6.38E-05
682,6.44451,3.59E-05
681,6.67808,2.10E-05
680,6.82436,1.50E-05
679,6.85427,1.40E-05
678,6.79618,1.60E-05
677,6.92113,1.20E-05
676,7.32566,4.72E-06
675,7.35516,4.41E-06
674,6.99981,1.00E-05
673,6.65771,2.20E-05
672,6.55313,2.80E-05
671,6.22894,5.90E-05
670,6.13098,7.40E-05
669,6.25182,5.60E-05
668,6.44294,3.61E-05
667,6.61917,2.40E-05
666,6.99922,1.00E-05
665,6.99935,1.00E-05
664,6.85305,1.40E-05
663,6.60105,2.51E-05
662,6.48043,3.31E-05
661,6.85247,1.40E-05
660,6.82288,1.50E-05
659,6.44303,3.61E-05
658,6.39731,4.01E-05
657,6.49391,3.21E-05
656,6.85256,1.40E-05
655,7.07614,8.39E-06
654,7.29973,5.01E-06
653,7.09544,8.03E-06
652,6.69761,2.01E-05
651,6.60043,2.51E-05
650,6.79408,1.61E-05
649,6.71949,1.91E-05
648,6.59997,2.51E-05
647,6.53542,2.91E-05
646,6.3549,4.42E-05
645,6.46673,3.41E-05
644,6.8096,1.55E-05
643,7.15247,7.04E-06
642,6.95622,1.11E-05
641,6.85124,1.41E-05
640,6.99735,1.01E-05
639,7.04332,9.05E-06
638,6.91786,1.21E-05
637,6.6551,2.21E-05
636,6.53521,2.92E-05
635,6.30664,4.94E-05
634,6.30664,4.94E-05
633,6.63491,2.32E-05
632,7.21875,6.04E-06
631,7.42501,3.76E-06
630,7.48183,3.30E-06
629,7.46393,3.44E-06
628,7.44604,3.58E-06
627,6.79273,1.61E-05
626,6.71749,1.92E-05
625,7.00702,9.84E-06
624,7.29655,5.05E-06
623,7.15051,7.07E-06
622,7.45764,3.49E-06
621,7.38406,4.13E-06
620,6.9543,1.11E-05
619,6.7916,1.62E-05
618,6.58093,2.62E-05
617,6.53289,2.93E-05
616,6.76536,1.72E-05
615,6.74052,1.82E-05
614,6.81967,1.51E-05
613,6.88201,1.31E-05
612,6.91653,1.21E-05
611,7.03344,9.26E-06
610,7.15036,7.07E-06
609,6.4156,3.84E-05
608,6.39334,4.04E-05
607,6.49038,3.23E-05
606,6.79133,1.62E-05
605,6.84892,1.42E-05
604,6.59728,2.53E-05
603,6.15022,7.08E-05
602,6.02647,9.41E-05
601,6.02688,9.40E-05
600,6.10236,7.90E-05
599,6.14282,7.20E-05
598,6.09695,8.00E-05
597,6.33185,4.66E-05
596,6.76411,1.72E-05
595,6.61455,2.43E-05
594,6.26987,5.37E-05
593,6.23813,5.78E-05
592,6.30473,4.96E-05
591,6.13714,7.29E-05
590,6.23786,5.78E-05
589,6.35986,4.37E-05
588,6.25347,5.58E-05
587,6.27789,5.27E-05
586,6.81747,1.52E-05
585,7.03896,9.14E-06
584,7.09044,8.12E-06
583,7.14893,7.10E-06
582,6.76316,1.73E-05
581,6.42509,3.76E-05
580,6.61284,2.44E-05
579,6.51584,3.05E-05
578,6.34907,4.48E-05
577,6.56092,2.75E-05
576,7.21465,6.10E-06
575,7.24579,5.68E-06
574,7.27693,5.29E-06
573,7.03805,9.16E-06
572,6.61228,2.44E-05
571,6.73788,1.83E-05
570,6.29346,5.09E-05
569,6.06823,8.55E-05
568,6.26868,5.39E-05
567,6.84685,1.42E-05
566,7.34272,4.54E-06
565,7.37905,4.18E-06
564,7.41539,3.84E-06
563,6.99218,1.02E-05
562,7.4247,3.76E-06
561,7.4108,3.88E-06
560,7.3969,4.01E-06
559,7.29372,5.08E-06
558,6.71311,1.94E-05
557,6.84615,1.43E-05
556,6.8156,1.53E-05
555,6.81615,1.53E-05
554,6.91279,1.22E-05
553,7.30565,4.95E-06
552,7.31493,4.84E-06
551,7.32421,4.74E-06
550,6.94991,1.12E-05
549,6.99201,1.02E-05
548,7.19082,6.44E-06
547,7.38963,4.08E-06
546,7.29251,5.10E-06
545,7.46146,3.46E-06
544,7.46116,3.46E-06
543,7.46085,3.46E-06
542,7.29129,5.11E-06
541,6.81447,1.53E-05
540,6.87711,1.33E-05
539,7.44735,3.57E-06
538,7.49853,3.17E-06
537,7.49953,3.17E-06
536,7.49967,3.16E-06
535,7.49981,3.16E-06
534,7.49909,3.17E-06
533,7.49541,3.20E-06
532,7.43481,3.67E-06
531,6.9904,1.02E-05
530,7.14082,7.23E-06
529,7.29125,5.11E-06
528,7.49652,3.19E-06
527,7.49973,3.16E-06
526,7.49997,3.16E-06
525,7.5,3.16E-06
524,7.5,3.16E-06
523,7.5,3.16E-06
522,7.5,3.16E-06
521,7.5,3.16E-06
520,7.5,3.16E-06
519,7.49998,3.16E-06
518,7.49976,3.16E-06
517,7.48044,3.31E-06
516,6.94769,1.13E-05
515,7.48739,3.26E-06
514,7.49783,3.18E-06
513,7.49976,3.16E-06
512,7.49999,3.16E-06
511,7.49998,3.16E-06
510,7.49997,3.16E-06
509,7.49873,3.17E-06
508,7.48704,3.26E-06
507,7.28873,5.14E-06
506,7.4675,3.41E-06
505,7.49432,3.20E-06
504,7.49704,3.18E-06
503,7.49976,3.16E-06
502,7.49766,3.18E-06
501,7.14302,7.19E-06
500,6.81961,1.51E-05
499,6.49621,3.19E-05
498,6.22428,5.97E-05
497,6.62538,2.37E-05
496,7.20894,6.18E-06
495,7.03307,9.27E-06
494,6.90827,1.24E-05
493,6.78346,1.65E-05
492,6.68645,2.06E-05
491,7.03271,9.27E-06
490,6.94583,1.13E-05
489,6.66535,2.16E-05
488,7.28723,5.16E-06
487,6.90771,1.24E-05
486,7.41346,3.86E-06
485,7.39901,3.99E-06
484,7.38456,4.13E-06
483,6.81022,1.55E-05
482,6.84165,1.44E-05
481,6.87308,1.34E-05
480,7.12864,7.44E-06
479,7.38421,4.13E-06
478,7.26278,5.46E-06
477,7.14134,7.22E-06
476,7.47597,3.34E-06
475,7.49885,3.17E-06
474,7.49995,3.16E-06
473,7.5,3.16E-06
472,7.5,3.16E-06
471,7.5,3.16E-06
470,7.5,3.16E-06
469,7.49994,3.16E-06
468,7.44642,3.58E-06
467,6.56894,2.70E-05
466,6.57737,2.65E-05
465,6.5858,2.60E-05
464,7.02959,9.34E-06
463,7.11767,7.63E-06
462,7.20575,6.23E-06
461,7.3322,4.65E-06
460,7.45864,3.48E-06
459,7.32263,4.76E-06
458,6.66172,2.18E-05
457,6.72069,1.90E-05
456,6.77966,1.66E-05
455,7.24424,5.70E-06
454,7.3373,4.60E-06
453,7.02782,9.38E-06
452,7.39951,3.99E-06
451,7.39977,3.98E-06
450,7.0285,9.36E-06
449,7.20442,6.25E-06
448,7.38034,4.17E-06
447,7.49544,3.20E-06
446,7.49987,3.16E-06
445,7.49999,3.16E-06
444,7.5,3.16E-06
443,7.5,3.16E-06
442,7.5,3.16E-06
441,7.5,3.16E-06
440,7.49998,3.16E-06
439,7.49454,3.20E-06
438,7.37922,4.18E-06
437,7.3634,4.33E-06
436,7.34757,4.49E-06
435,6.80442,1.57E-05
434,7.23723,5.79E-06
433,7.28728,5.16E-06
432,6.93788,1.15E-05
431,6.97983,1.05E-05
430,7.47968,3.31E-06
429,7.12742,7.46E-06
428,6.77515,1.68E-05
427,6.89978,1.26E-05
426,7.02441,9.45E-06
425,7.27962,5.25E-06
424,7.47977,3.31E-06
423,7.4279,3.73E-06
422,7.37602,4.21E-06
421,7.06191,8.67E-06
420,6.7478,1.79E-05
419,7.43785,3.65E-06
418,7.49634,3.19E-06
417,7.49861,3.17E-06
416,7.4999,3.16E-06
415,7.49938,3.17E-06
414,7.46011,3.47E-06
413,6.86273,1.37E-05
412,6.59638,2.53E-05
411,6.24433,5.70E-05
410,6.63365,2.32E-05
409,7.21518,6.09E-06
408,7.45629,3.50E-06
407,7.2766,5.29E-06
406,7.4909,3.23E-06
405,7.4997,3.16E-06
404,7.5,3.16E-06
403,7.49999,3.16E-06
402,7.49998,3.16E-06
401,7.4999,3.16E-06
400,7.49849,3.17E-06
399,7.43506,3.67E-06
398,6.61191,2.44E-05
397,6.6957,2.02E-05
396,6.82789,1.49E-05
395,6.97359,1.06E-05
394,7.0219,9.51E-06
393,7.07021,8.51E-06
392,7.40024,3.98E-06
391,7.4768,3.34E-06
390,7.47897,3.32E-06
389,7.37646,4.20E-06
388,6.65004,2.24E-05
387,6.59153,2.56E-05
386,6.93066,1.17E-05
385,7.49465,3.20E-06
384,6.31814,4.81E-05
383,6.20814,6.19E-05
382,6.34776,4.49E-05
381,6.59055,2.57E-05
380,7.43839,3.64E-06
379,7.43387,3.68E-06
378,6.57247,2.68E-05
377,6.41364,3.86E-05
376,6.45207,3.53E-05
375,6.41372,3.86E-05
374,7.34974,4.47E-06
373,7.38918,4.08E-06
372,6.57149,2.68E-05
371,6.6072,2.47E-05
370,6.47689,3.34E-05
369,7.01396,9.68E-06
368,7.37203,4.25E-06
367,7.43164,3.70E-06
366,7.49124,3.23E-06
365,7.43871,3.64E-06
364,7.38617,4.11E-06
363,6.82138,1.51E-05
362,7.0649,8.61E-06
361,7.06478,8.61E-06
360,7.06466,8.62E-06
359,7.06429,8.62E-06
358,7.45959,3.47E-06
357,7.49781,3.18E-06
356,7.49947,3.17E-06
355,7.49937,3.17E-06
354,7.49928,3.17E-06
353,7.49743,3.18E-06
352,7.48168,3.30E-06
351,6.73569,1.84E-05
350,6.39726,4.01E-05
349,6.73461,1.84E-05
348,6.81884,1.52E-05
347,7.4818,3.30E-06
346,7.49869,3.17E-06
345,7.49998,3.16E-06
344,7.5,3.16E-06
343,7.5,3.16E-06
342,7.5,3.16E-06
341,7.5,3.16E-06
340,7.5,3.16E-06
339,7.5,3.16E-06
338,7.5,3.16E-06
337,7.49999,3.16E-06
336,7.49594,3.19E-06
335,7.2643,5.44E-06
334,7.3795,4.17E-06
333,7.4947,3.20E-06
332,7.43095,3.71E-06
331,7.0093,9.79E-06
330,6.96261,1.09E-05
329,7.47154,3.38E-06
328,7.49689,3.19E-06
327,7.49947,3.17E-06
326,7.49993,3.16E-06
325,7.49996,3.16E-06
324,7.49974,3.16E-06
323,7.49626,3.19E-06
322,7.45003,3.55E-06
321,6.84751,1.42E-05
320,7.39787,4.00E-06
319,7.49463,3.20E-06
318,7.49881,3.17E-06
317,7.49941,3.17E-06
316,7.5,3.16E-06
315,7.49699,3.18E-06
314,7.48149,3.30E-06
313,7.24272,5.72E-06
312,7.00396,9.91E-06
311,7.47646,3.34E-06
310,7.49981,3.16E-06
309,7.49999,3.16E-06
308,7.5,3.16E-06
307,7.5,3.16E-06
306,7.49998,3.16E-06
305,7.49992,3.16E-06
304,7.49707,3.18E-06
303,6.80952,1.55E-05
302,7.49442,3.20E-06
301,7.49804,3.18E-06
300,7.49528,3.20E-06
299,7.49252,3.22E-06
298,7.45789,3.48E-06
297,7.00003,1.00E-05
296,7.38788,4.09E-06
295,7.40718,3.92E-06
294,7.05147,8.88E-06
293,7.49495,3.20E-06
292,7.49957,3.17E-06
291,7.49942,3.17E-06
290,7.49927,3.17E-06
289,7.49816,3.18E-06
288,7.49042,3.23E-06
287,7.28172,5.23E-06
286,6.91142,1.23E-05
285,6.7761,1.67E-05
284,7.45142,3.54E-06
283,7.49946,3.17E-06
282,7.51879,3.03E-06
281,7.53722,2.90E-06
280,7.55566,2.78E-06
279,7.5715,2.68E-06
278,7.58733,2.59E-06
277,7.59911,2.52E-06
276,7.61088,2.45E-06
275,7.61749,2.41E-06
274,7.6241,2.38E-06
273,7.62491,2.37E-06
272,7.62572,2.37E-06
271,7.62061,2.40E-06
270,7.61551,2.42E-06
269,7.6049,2.48E-06
268,7.59429,2.55E-06
267,7.57906,2.64E-06
266,7.56383,2.73E-06
265,7.54529,2.85E-06
264,7.52675,2.97E-06
263,7.50647,3.12E-06
262,7.48619,3.26E-06
261,6.87189,1.34E-05
260,7.47831,3.32E-06
259,7.49953,3.17E-06
258,7.49997,3.16E-06
257,7.5,3.16E-06
256,7.5,3.16E-06
255,7.5,3.16E-06
254,7.5,3.16E-06
253,7.5,3.16E-06
252,7.5,3.16E-06
251,7.49998,3.16E-06
250,7.49974,3.16E-06
249,7.49659,3.19E-06
248,7.34699,4.50E-06
247,7.49951,3.17E-06
246,7.52213,3.01E-06
245,7.5387,2.89E-06
244,7.56549,2.72E-06
243,7.57465,2.66E-06
242,7.60342,2.49E-06
241,7.6044,2.49E-06
240,7.6328,2.33E-06
239,7.62549,2.37E-06
238,7.65118,2.23E-06
237,7.63615,2.31E-06
236,7.65703,2.20E-06
235,7.63547,2.31E-06
234,7.64981,2.24E-06
233,7.62344,2.38E-06
232,7.63006,2.34E-06
231,7.60098,2.51E-06
230,7.59932,2.52E-06
229,7.56986,2.69E-06
228,7.56002,2.75E-06
227,7.53255,2.93E-06
226,7.5153,3.05E-06
225,7.49201,3.22E-06
224,7.17078,6.75E-06
223,6.83452,1.46E-05
222,6.60569,2.48E-05
221,7.21482,6.10E-06
220,7.4921,3.22E-06
219,7.34508,4.52E-06
218,7.42805,3.73E-06
217,7.42805,3.73E-06
216,7.34509,4.52E-06
215,7.25718,5.53E-06
214,7.16927,6.77E-06
213,6.74324,1.81E-05
212,6.71642,1.92E-05
211,7.46936,3.39E-06
210,7.49526,3.20E-06
209,7.49233,3.22E-06
208,7.4894,3.24E-06
207,7.42634,3.75E-06
206,6.94756,1.13E-05
205,6.60502,2.48E-05
204,6.83361,1.47E-05
203,6.83411,1.47E-05
202,6.83462,1.46E-05
201,6.51855,3.03E-05
200,6.51855,3.03E-05
